at,x,y,z [a.u.]
O,0.0,0.0,0.0
H,1.4316129455686528,1.1076269836585588,0.0
H,-1.4316129455686528,1.1076269836585588,0.0
