at,x,y,z [a.u.]
C,2.273532927845279,-1.3126248368904767,0.0
C,2.273532927845279,1.3126248368904767,0.0
C,-0.0,2.6252496737809534,0.0
C,-2.273532927845279,1.3126248368904767,0.0
C,-2.273532927845279,-1.3126248368904767,0.0
C,-0.0,-2.6252496737809534,0.0
H,4.037771662545734,-2.3312084988651525,0.0
H,4.037771662545734,2.3312084988651525,0.0
H,-0.0,4.662416997730305,0.0
H,-4.037771662545734,2.3312084988651525,0.0
H,-4.037771662545734,-2.3312084988651525,0.0
H,-0.0,-4.662416997730305,0.0
